fold,mode,Epoch = 50,Loss,Acc,Note
0,train,001,1293.89673,-272.12808,
0,val,001,1329.63391,-193.60109,
0,train,002,1189.24468,-248.64619,
0,val,002,1308.19421,-190.46092,
0,train,003,1041.44701,-218.85904,
0,val,003,1253.93726,-182.52014,
0,train,004,878.01596,-177.86761,
0,val,004,1150.46899,-167.37907,
0,train,005,712.52376,-150.56152,
0,val,005,999.73199,-145.31767,
0,train,006,556.18272,-115.10831,
0,val,006,801.58276,-116.31431,
0,train,007,411.43757,-83.21417,
0,val,007,604.02057,-87.40150,
0,train,008,280.92201,-56.65265,
0,val,008,433.98984,-62.51664,
0,train,009,173.35064,-36.95755,
0,val,009,295.53119,-42.25250,
0,train,010,86.11164,-17.08955,
0,val,010,179.91052,-25.33115,
0,train,011,33.01494,-5.80495,
0,val,011,95.35257,-12.95534,
0,train,012,11.87996,-1.40057,
0,val,012,47.33183,-5.92717,best
0,train,013,9.62627,-0.98288,
0,val,013,27.66334,-3.04867,best
0,train,014,7.81742,-0.70680,
0,val,014,22.06084,-2.22876,best
0,train,015,6.17244,-0.25064,
0,val,015,19.80920,-1.89914,best
0,train,016,5.67283,-0.18879,
0,val,016,15.20180,-1.22489,best
0,train,017,5.63969,-0.14830,
0,val,017,10.39837,-0.52187,best
0,train,018,5.21131,-0.08611,
0,val,018,8.86181,-0.29697,best
0,train,019,5.45743,-0.13326,
0,val,019,8.48540,-0.24187,best
0,train,020,5.43848,-0.11442,
0,val,020,8.63308,-0.26351,
0,train,021,5.10585,-0.05250,
0,val,021,8.94222,-0.30876,
0,train,022,5.57509,-0.13028,
0,val,022,8.78232,-0.28535,
0,train,023,5.45834,-0.11333,
0,val,023,8.59395,-0.25777,
0,train,024,5.03664,-0.04053,
0,val,024,8.59164,-0.25743,
0,train,025,5.38606,-0.11660,
0,val,025,8.35647,-0.22303,best
0,train,026,5.45595,-0.10025,
0,val,026,8.29058,-0.21335,best
0,train,027,5.15037,-0.09660,
0,val,027,8.45255,-0.23709,
0,train,028,5.32815,-0.10141,
0,val,028,8.34299,-0.22102,
0,train,029,5.08278,-0.06924,
0,val,029,8.24620,-0.20687,best
0,train,030,5.24777,-0.06826,
0,val,030,8.05619,-0.17906,best
0,train,031,5.27858,-0.09252,
0,val,031,8.02840,-0.17501,best
0,train,032,5.24312,-0.10849,
0,val,032,7.97174,-0.16671,best
0,train,033,5.06731,-0.03665,
0,val,033,7.91817,-0.15886,best
fold,mode,Epoch = 100,Loss,Acc,Note
0,train,001,1293.89673,-272.12808,
0,val,001,1329.63391,-193.60109,
0,train,002,1189.24468,-248.64619,
0,val,002,1308.19421,-190.46092,
0,train,003,1041.44701,-218.85904,
0,val,003,1253.93726,-182.52014,
0,train,004,878.01596,-177.86761,
0,val,004,1150.46899,-167.37907,
0,train,005,712.52376,-150.56152,
0,val,005,999.73199,-145.31767,
0,train,006,556.18272,-115.10831,
0,val,006,801.58276,-116.31431,
0,train,007,411.43757,-83.21417,
0,val,007,604.02057,-87.40150,
0,train,008,280.92201,-56.65265,
0,val,008,433.98984,-62.51664,
0,train,009,173.35064,-36.95755,
0,val,009,295.53119,-42.25250,
0,train,010,86.11164,-17.08955,
0,val,010,179.91052,-25.33115,
0,train,011,33.01494,-5.80495,
0,val,011,95.35257,-12.95534,
0,train,012,11.87996,-1.40057,
0,val,012,47.33183,-5.92717,best
0,train,013,9.62627,-0.98288,
0,val,013,27.66334,-3.04867,best
0,train,014,7.81742,-0.70680,
0,val,014,22.06084,-2.22876,best
0,train,015,6.17244,-0.25064,
0,val,015,19.80920,-1.89914,best
0,train,016,5.67283,-0.18879,
0,val,016,15.20180,-1.22489,best
0,train,017,5.63969,-0.14830,
0,val,017,10.39837,-0.52187,best
0,train,018,5.21131,-0.08611,
0,val,018,8.86181,-0.29697,best
0,train,019,5.45743,-0.13326,
0,val,019,8.48540,-0.24187,best
0,train,020,5.43848,-0.11442,
0,val,020,8.63308,-0.26351,
0,train,021,5.10585,-0.05250,
0,val,021,8.94222,-0.30876,
0,train,022,5.57509,-0.13028,
0,val,022,8.78232,-0.28535,
0,train,023,5.45834,-0.11333,
0,val,023,8.59395,-0.25777,
0,train,024,5.03664,-0.04053,
0,val,024,8.59164,-0.25743,
0,train,025,5.38606,-0.11660,
0,val,025,8.35647,-0.22303,best
0,train,026,5.45595,-0.10025,
0,val,026,8.29058,-0.21335,best
0,train,027,5.15037,-0.09660,
0,val,027,8.45255,-0.23709,
0,train,028,5.32815,-0.10141,
0,val,028,8.34299,-0.22102,
0,train,029,5.08278,-0.06924,
0,val,029,8.24620,-0.20687,best
0,train,030,5.24777,-0.06826,
0,val,030,8.05619,-0.17906,best
0,train,031,5.27858,-0.09252,
0,val,031,8.02840,-0.17501,best
0,train,032,5.24312,-0.10849,
0,val,032,7.97174,-0.16671,best
0,train,033,5.06731,-0.03665,
0,val,033,7.91817,-0.15886,best
0,train,034,5.18065,-0.05872,
0,val,034,8.12015,-0.18843,
0,train,035,5.23634,-0.06302,
0,val,035,8.37985,-0.22645,
0,train,036,4.98095,-0.02713,
0,val,036,8.37752,-0.22609,
0,train,037,5.36304,-0.12529,
0,val,037,8.33144,-0.21936,
0,train,038,5.04342,-0.05378,
0,val,038,8.24807,-0.20715,
0,train,039,5.21790,-0.05758,
0,val,039,7.99742,-0.17048,
0,train,040,4.85325,0.01440,
0,val,040,7.97496,-0.16719,
0,train,041,5.12660,-0.06733,
0,val,041,8.03606,-0.17610,
0,train,042,5.27636,-0.04370,
0,val,042,7.68454,-0.12468,best
0,train,043,5.20686,-0.05857,
0,val,043,7.60519,-0.11309,best
0,train,044,5.16331,-0.05245,
0,val,044,7.71682,-0.12941,
0,train,045,5.00914,-0.07357,
0,val,045,7.75698,-0.13530,
0,train,046,5.52495,-0.08723,
0,val,046,7.71557,-0.12923,
0,train,047,5.19660,-0.05163,
0,val,047,7.57959,-0.10931,best
0,train,048,5.25480,-0.08137,
0,val,048,7.37951,-0.08004,best
0,train,049,5.06926,-0.02665,
0,val,049,7.47962,-0.09465,
0,train,050,5.20373,-0.05278,
0,val,050,7.40194,-0.08332,
0,train,051,5.19786,-0.03839,
0,val,051,7.41903,-0.08581,
0,train,052,5.29227,-0.05857,
0,val,052,7.54086,-0.10366,
0,train,053,5.25088,-0.08379,
0,val,053,7.90333,-0.15671,
0,train,054,5.10126,-0.03391,
0,val,054,7.77319,-0.13766,
0,train,055,5.24242,-0.09939,
0,val,055,7.73338,-0.13183,
0,train,056,5.17385,-0.08195,
0,val,056,7.71547,-0.12921,
0,train,057,5.30027,-0.07994,
0,val,057,7.79592,-0.14099,
0,train,058,5.20476,-0.06622,
0,val,058,7.72602,-0.13076,
0,train,059,4.99011,-0.00844,
0,val,059,7.59756,-0.11196,
0,train,060,4.88421,-0.00524,
0,val,060,7.51284,-0.09956,
0,train,061,5.03048,-0.06378,
0,val,061,7.84228,-0.14773,
0,train,062,5.22236,-0.05129,
0,val,062,8.02812,-0.17496,
0,train,063,4.98314,-0.03009,
0,val,063,7.89470,-0.15542,
0,train,064,5.19912,-0.05079,
0,val,064,7.67996,-0.12400,
0,train,065,4.95170,-0.03720,
0,val,065,7.70318,-0.12740,
0,train,066,5.16110,-0.07834,
0,val,066,8.04391,-0.17728,
0,train,067,5.01261,-0.01891,
0,val,067,7.96293,-0.16543,
0,train,068,5.12065,-0.05360,
0,val,068,7.96663,-0.16596,
0,train,069,5.08693,-0.04962,
0,val,069,7.75419,-0.13487,
0,train,070,5.03378,-0.02460,
0,val,070,7.57297,-0.10836,
0,train,071,4.97869,-0.01639,
0,val,071,7.59813,-0.11204,
0,train,072,5.05725,-0.06008,
0,val,072,7.45645,-0.09128,
0,train,073,5.22906,-0.07587,
0,val,073,7.59876,-0.11213,
0,train,074,5.06832,-0.03897,
0,val,074,7.76609,-0.13662,
0,train,075,5.03414,-0.03361,
0,val,075,7.72617,-0.13074,
0,train,076,5.04659,-0.04998,
0,val,076,7.81537,-0.14383,
0,train,077,5.10171,-0.02361,
0,val,077,7.78563,-0.13947,
0,train,078,4.99531,-0.04540,
0,val,078,7.64920,-0.11951,
0,train,079,5.09384,-0.03976,
0,val,079,7.52435,-0.10123,
0,train,080,5.13482,-0.06130,
0,val,080,7.56847,-0.10768,
0,train,081,4.79854,0.01012,
0,val,081,7.74197,-0.13308,
0,train,082,4.84364,-0.00850,
0,val,082,7.92306,-0.15957,
0,train,083,5.03223,-0.02828,
0,val,083,7.98223,-0.16825,
0,train,084,4.90371,-0.03000,
0,val,084,8.07083,-0.18122,
0,train,085,4.96935,-0.00279,
0,val,085,7.81243,-0.14339,
0,train,086,5.15903,-0.05287,
0,val,086,7.69747,-0.12658,
0,train,087,5.00650,-0.09208,
0,val,087,7.69156,-0.12569,
0,train,088,5.03352,-0.05281,
0,val,088,7.63000,-0.11669,
0,train,089,4.99682,-0.01868,
0,val,089,7.81920,-0.14437,
0,train,090,5.40060,-0.08743,
0,val,090,8.07186,-0.18133,
0,train,091,4.87632,0.00366,
0,val,091,8.02905,-0.17511,
0,train,092,5.05905,-0.03025,
0,val,092,8.04090,-0.17684,
0,train,093,5.14660,-0.08284,
0,val,093,7.99153,-0.16960,
0,train,094,4.91729,-0.03659,
0,val,094,8.09202,-0.18431,
0,train,095,5.25938,-0.04652,
0,val,095,8.04293,-0.17712,
0,train,096,5.14860,-0.06767,
0,val,096,8.08056,-0.18263,
0,train,097,5.14528,-0.03860,
0,val,097,7.72570,-0.13070,
0,train,098,5.11511,-0.02584,
0,val,098,7.62905,-0.11648,
0,train,099,5.08859,-0.04804,
0,val,099,7.80630,-0.14249,
0,train,100,5.12228,-0.04373,
0,val,100,7.92176,-0.15939,
1,train,001,1291.91664,-267.89471,
1,val,001,1303.30151,-256.69611,
1,train,002,1190.09412,-238.02774,
1,val,002,1283.22632,-252.73926,
1,train,003,1044.87137,-214.39156,
1,val,003,1233.42029,-242.88684,
1,train,004,884.12593,-173.45555,
1,val,004,1136.91272,-223.79678,
1,train,005,722.62561,-141.44144,
1,val,005,966.57196,-190.11919,
1,train,006,571.66417,-112.50547,
1,val,006,756.27008,-148.53398,
1,train,007,425.56112,-85.63799,
1,val,007,569.16528,-111.54042,
1,train,008,295.48017,-58.57903,
1,val,008,406.63422,-79.40598,
1,train,009,186.62187,-38.33651,
1,val,009,272.50638,-52.88415,
1,train,010,100.01658,-18.90713,
1,val,010,161.95273,-31.02378,
1,train,011,40.05042,-6.98713,
1,val,011,80.61005,-14.93894,
1,train,012,12.68348,-1.61976,
1,val,012,33.82843,-5.68886,best
1,train,013,9.02054,-0.75476,
1,val,013,17.71338,-2.50245,best
1,train,014,9.18173,-0.82630,
1,val,014,15.14631,-1.99496,best
1,train,015,6.58640,-0.28423,
1,val,015,16.37154,-2.23723,
1,train,016,5.70384,-0.10241,
1,val,016,14.42520,-1.85228,best
1,train,017,5.67219,-0.14094,
1,val,017,10.29384,-1.03539,best
1,train,018,5.67367,-0.13409,
1,val,018,7.37237,-0.45778,best
1,train,019,5.60452,-0.08531,
1,val,019,6.15801,-0.21764,best
1,train,020,5.53052,-0.07939,
1,val,020,5.90304,-0.16724,best
1,train,021,5.44897,-0.06697,
1,val,021,5.91825,-0.17023,
1,train,022,5.43436,-0.05260,
1,val,022,5.80908,-0.14866,best
1,train,023,5.26321,-0.04069,
1,val,023,5.56047,-0.09945,best
1,train,024,5.45592,-0.07318,
1,val,024,5.53498,-0.09446,best
1,train,025,5.58238,-0.07878,
1,val,025,5.58102,-0.10358,
1,train,026,5.50985,-0.06849,
1,val,026,5.23921,-0.03596,best
1,train,027,5.38944,-0.05142,
1,val,027,5.13172,-0.01472,best
1,train,028,5.49807,-0.09156,
1,val,028,5.06136,-0.00079,best
1,train,029,5.36523,-0.08989,
1,val,029,5.06268,-0.00102,
1,train,030,5.34767,-0.04407,
1,val,030,5.07197,-0.00289,
1,train,031,5.16698,-0.05094,
1,val,031,4.99711,0.01193,best
1,train,032,5.38522,-0.05153,
1,val,032,4.73086,0.06454,best
1,train,033,5.62616,-0.09633,
1,val,033,4.76485,0.05784,
1,train,034,5.57893,-0.06916,
1,val,034,5.06861,-0.00223,
1,train,035,5.43791,-0.06180,
1,val,035,5.09132,-0.00672,
1,train,036,5.55959,-0.09318,
1,val,036,5.04072,0.00330,
1,train,037,5.44491,-0.07742,
1,val,037,5.18889,-0.02599,
1,train,038,5.48008,-0.08649,
1,val,038,5.09821,-0.00810,
1,train,039,5.47974,-0.09106,
1,val,039,5.03884,0.00369,
1,train,040,5.44448,-0.05509,
1,val,040,5.12292,-0.01295,
1,train,041,5.37815,-0.06683,
1,val,041,5.08965,-0.00640,
1,train,042,5.27017,-0.05311,
1,val,042,5.20602,-0.02940,
1,train,043,5.35002,-0.03120,
1,val,043,5.36275,-0.06039,
1,train,044,5.20524,-0.01497,
1,val,044,5.40401,-0.06853,
1,train,045,5.27633,-0.03491,
1,val,045,5.27951,-0.04393,
1,train,046,5.12189,-0.05152,
1,val,046,5.16747,-0.02178,
1,train,047,5.25043,-0.05278,
1,val,047,4.92598,0.02598,
1,train,048,5.37112,-0.06373,
1,val,048,4.91449,0.02826,
1,train,049,5.37209,-0.03527,
1,val,049,4.97711,0.01590,
1,train,050,5.63911,-0.10343,
1,val,050,5.12875,-0.01414,
1,train,051,5.62763,-0.10773,
1,val,051,5.10090,-0.00861,
1,train,052,5.31163,-0.05307,
1,val,052,5.32916,-0.05376,
1,train,053,5.24490,-0.00796,
1,val,053,5.28614,-0.04526,
1,train,054,5.28595,-0.04108,
1,val,054,5.29697,-0.04738,
1,train,055,5.29403,-0.06298,
1,val,055,5.28816,-0.04566,
1,train,056,5.24498,-0.05067,
1,val,056,5.37935,-0.06363,
1,train,057,5.16300,-0.01186,
1,val,057,5.41801,-0.07132,
1,train,058,5.14481,-0.02232,
1,val,058,5.41674,-0.07103,
1,train,059,5.13497,-0.00550,
1,val,059,5.25772,-0.03959,
1,train,060,5.70385,-0.08607,
1,val,060,5.35091,-0.05805,
1,train,061,5.26502,-0.03555,
1,val,061,5.51053,-0.08963,
1,train,062,5.28622,-0.03697,
1,val,062,5.56415,-0.10023,
1,train,063,5.05959,-0.01638,
1,val,063,5.75001,-0.13694,
1,train,064,5.14422,-0.03263,
1,val,064,5.57394,-0.10217,
1,train,065,5.15610,-0.00332,
1,val,065,5.38417,-0.06462,
1,train,066,5.39215,-0.04291,
1,val,066,5.33543,-0.05500,
1,train,067,5.28999,0.02392,
1,val,067,5.49677,-0.08687,
1,train,068,5.26977,-0.02919,
1,val,068,5.44046,-0.07577,
1,train,069,5.30133,-0.05763,
1,val,069,5.57789,-0.10295,
1,train,070,5.17446,-0.03440,
1,val,070,5.56134,-0.09967,
1,train,071,5.21449,-0.03216,
1,val,071,5.57760,-0.10287,
1,train,072,5.33950,-0.04583,
1,val,072,5.37628,-0.06308,
1,train,073,5.59854,-0.07356,
1,val,073,5.15313,-0.01896,
1,train,074,4.94730,0.01717,
1,val,074,5.46113,-0.07982,
1,train,075,5.28250,-0.04402,
1,val,075,5.35826,-0.05947,
1,train,076,5.20429,-0.06310,
1,val,076,5.27552,-0.04309,
1,train,077,5.17792,-0.01078,
1,val,077,5.29243,-0.04650,
1,train,078,4.87699,0.03628,
1,val,078,5.18379,-0.02497,
1,train,079,5.17481,-0.00683,
1,val,079,5.10984,-0.01035,
1,train,080,5.21590,-0.03287,
1,val,080,5.24996,-0.03810,
1,train,081,5.19430,-0.01065,
1,val,081,5.20893,-0.02997,
1,train,082,5.40016,-0.03634,
1,val,082,5.06642,-0.00179,
1,train,083,5.37657,-0.05669,
1,val,083,5.12096,-0.01258,
1,train,084,5.19456,-0.02796,
1,val,084,5.16229,-0.02075,
1,train,085,5.15722,-0.05654,
1,val,085,5.21234,-0.03066,
1,train,086,5.48660,-0.07471,
1,val,086,5.20882,-0.02997,
1,train,087,5.48040,-0.06262,
1,val,087,5.28499,-0.04501,
1,train,088,5.29230,-0.02171,
1,val,088,5.23594,-0.03525,
1,train,089,5.39966,-0.03481,
1,val,089,5.14740,-0.01777,
1,train,090,5.27850,-0.01799,
1,val,090,5.12504,-0.01339,
1,train,091,5.19415,-0.01578,
1,val,091,5.27890,-0.04383,
1,train,092,5.07924,-0.02877,
1,val,092,5.44763,-0.07715,
1,train,093,5.31912,-0.04094,
1,val,093,5.54642,-0.09661,
1,train,094,5.19169,-0.02484,
1,val,094,5.37776,-0.06336,
1,train,095,5.31489,-0.07616,
1,val,095,5.45156,-0.07795,
1,train,096,5.28104,-0.04011,
1,val,096,5.30456,-0.04885,
1,train,097,5.14119,-0.02145,
1,val,097,5.44010,-0.07570,
1,train,098,5.28913,-0.01305,
1,val,098,5.27293,-0.04265,
1,train,099,5.14685,0.00649,
1,val,099,4.91841,0.02749,
1,train,100,5.43401,-0.06279,
1,val,100,4.93726,0.02374,
2,train,001,1296.76521,-263.34042,
2,val,001,1296.11304,-240.40607,
2,train,002,1196.86440,-235.00897,
2,val,002,1276.99841,-236.85696,
2,train,003,1050.81379,-207.92853,
2,val,003,1222.84790,-226.77074,
2,train,004,889.52596,-180.05183,
2,val,004,1123.13818,-208.19855,
2,train,005,727.33374,-147.19804,
2,val,005,964.94489,-178.73586,
2,train,006,573.10008,-113.90671,
2,val,006,765.53888,-141.59120,
2,train,007,429.10106,-89.37717,
2,val,007,576.58038,-106.39532,
2,train,008,297.44131,-57.62913,
2,val,008,414.41040,-76.18913,
2,train,009,184.51337,-35.83060,
2,val,009,278.29364,-50.83648,
2,train,010,97.35294,-18.60839,
2,val,010,168.80298,-30.44021,
2,train,011,39.66853,-7.20805,
2,val,011,88.45045,-15.47500,
2,train,012,11.67301,-1.32675,
2,val,012,39.04420,-6.27213,best
2,train,013,9.44321,-0.89294,
2,val,013,21.09824,-2.92963,best
2,train,014,8.68907,-0.77623,
2,val,014,17.13106,-2.19087,best
2,train,015,6.17404,-0.21336,
2,val,015,17.03121,-2.17213,best
2,train,016,5.59900,-0.12107,
2,val,016,13.88143,-1.58547,best
2,train,017,6.04483,-0.20491,
2,val,017,9.94646,-0.85265,best
2,train,018,5.79905,-0.11457,
2,val,018,7.37741,-0.37414,best
2,train,019,5.54740,-0.09736,
2,val,019,6.54411,-0.21894,best
2,train,020,5.35843,-0.05864,
2,val,020,6.18618,-0.15227,best
2,train,021,5.46156,-0.08417,
2,val,021,6.12617,-0.14108,best
2,train,022,5.23513,-0.05201,
2,val,022,6.14272,-0.14418,
2,train,023,5.42804,-0.07603,
2,val,023,5.66175,-0.05461,best
2,train,024,5.28924,-0.04658,
2,val,024,5.66314,-0.05478,
2,train,025,5.46274,-0.10962,
2,val,025,5.59051,-0.04132,best
2,train,026,5.29127,-0.04927,
2,val,026,5.66900,-0.05592,
2,train,027,5.04169,-0.01588,
2,val,027,5.54529,-0.03283,best
2,train,028,5.45348,-0.10818,
2,val,028,5.59736,-0.04258,
2,train,029,5.44724,-0.05746,
2,val,029,5.40901,-0.00751,best
2,train,030,5.44750,-0.06330,
2,val,030,5.35137,0.00324,best
2,train,031,5.38185,-0.05324,
2,val,031,5.47022,-0.01890,
2,train,032,5.45200,-0.06589,
2,val,032,5.65043,-0.05246,
2,train,033,5.48959,-0.06498,
2,val,033,5.63519,-0.04962,
2,train,034,5.19987,-0.03909,
2,val,034,5.53026,-0.03010,
2,train,035,5.28899,-0.04545,
2,val,035,5.58873,-0.04097,
2,train,036,5.38153,-0.08319,
2,val,036,5.77038,-0.07480,
2,train,037,5.32455,-0.05177,
2,val,037,5.59791,-0.04270,
2,train,038,5.28297,-0.06183,
2,val,038,5.48240,-0.02117,
2,train,039,5.24853,-0.04509,
2,val,039,5.68886,-0.05962,
2,train,040,5.15018,-0.01760,
2,val,040,5.59627,-0.04236,
2,train,041,5.33993,-0.05207,
2,val,041,5.23739,0.02447,best
2,train,042,5.17985,-0.01891,
2,val,042,4.99310,0.06997,best
2,train,043,5.18016,-0.02061,
2,val,043,5.17908,0.03535,
2,train,044,4.94959,0.00450,
2,val,044,5.16633,0.03771,
2,train,045,5.18928,-0.02373,
2,val,045,5.10033,0.05000,
2,train,046,5.09638,-0.04067,
2,val,046,5.16688,0.03760,
2,train,047,5.09519,-0.04008,
2,val,047,5.12775,0.04489,
2,train,048,5.21929,-0.05125,
2,val,048,5.22280,0.02717,
2,train,049,5.46722,-0.09233,
2,val,049,5.08867,0.05217,
2,train,050,5.12314,-0.01239,
2,val,050,5.18426,0.03435,
2,train,051,5.37702,-0.08031,
2,val,051,5.16505,0.03794,
2,train,052,5.19330,-0.02589,
2,val,052,5.04433,0.06043,
2,train,053,5.32858,-0.04572,
2,val,053,5.29879,0.01303,
2,train,054,5.16630,-0.02762,
2,val,054,5.42210,-0.00995,
2,train,055,5.17257,-0.02004,
2,val,055,5.59018,-0.04124,
2,train,056,5.04056,-0.00729,
2,val,056,5.73800,-0.06881,
2,train,057,5.13536,-0.02657,
2,val,057,5.49323,-0.02318,
2,train,058,5.20167,-0.00585,
2,val,058,5.43417,-0.01214,
2,train,059,5.16158,-0.05005,
2,val,059,5.55588,-0.03485,
2,train,060,5.08438,-0.00321,
2,val,060,5.56876,-0.03728,
2,train,061,5.11092,-0.03391,
2,val,061,5.56682,-0.03687,
2,train,062,5.24422,-0.04303,
2,val,062,5.55777,-0.03520,
2,train,063,5.19412,-0.02090,
2,val,063,5.70584,-0.06278,
2,train,064,5.36327,-0.08780,
2,val,064,5.58553,-0.04039,
2,train,065,5.04176,-0.02762,
2,val,065,5.21337,0.02894,
2,train,066,5.02437,0.00071,
2,val,066,5.04426,0.06044,
2,train,067,5.30130,-0.04144,
2,val,067,5.05500,0.05844,
2,train,068,5.29874,-0.03597,
2,val,068,5.25552,0.02114,
2,train,069,5.11294,-0.02561,
2,val,069,5.20369,0.03075,
2,train,070,5.14301,-0.02362,
2,val,070,5.23454,0.02500,
2,train,071,5.12988,-0.02754,
2,val,071,5.16053,0.03879,
2,train,072,5.18630,-0.01265,
2,val,072,5.11091,0.04803,
2,train,073,5.11001,-0.07951,
2,val,073,4.82821,0.10069,best
2,train,074,4.97722,0.00179,
2,val,074,4.88107,0.09088,
2,train,075,5.32824,-0.04909,
2,val,075,4.74935,0.11539,best
2,train,076,5.24104,-0.02809,
2,val,076,4.84318,0.09790,
2,train,077,5.09490,-0.04044,
2,val,077,4.94314,0.07926,
2,train,078,5.44507,-0.06395,
2,val,078,5.17005,0.03706,
2,train,079,5.34457,-0.05983,
2,val,079,5.36394,0.00088,
2,train,080,5.31452,-0.04516,
2,val,080,5.43574,-0.01247,
2,train,081,5.20915,-0.01491,
2,val,081,5.31501,0.01001,
2,train,082,5.17120,-0.03376,
2,val,082,5.36058,0.00152,
2,train,083,5.48061,-0.05820,
2,val,083,5.61256,-0.04536,
2,train,084,5.30156,-0.04058,
2,val,084,5.72635,-0.06655,
2,train,085,5.07561,-0.01940,
2,val,085,5.75979,-0.07277,
2,train,086,5.22768,0.00197,
2,val,086,5.71236,-0.06402,
2,train,087,5.16670,-0.03501,
2,val,087,5.64757,-0.05188,
2,train,088,5.06209,0.00036,
2,val,088,5.78855,-0.07814,
2,train,089,5.08601,-0.01940,
2,val,089,5.74626,-0.07031,
2,train,090,5.07448,-0.01521,
2,val,090,5.62867,-0.04841,
2,train,091,5.14604,-0.02654,
2,val,091,5.78248,-0.07706,
2,train,092,5.10104,-0.00932,
2,val,092,5.78468,-0.07747,
2,train,093,5.16614,-0.00024,
2,val,093,5.83413,-0.08663,
2,train,094,5.16471,-0.01745,
2,val,094,5.75405,-0.07176,
2,train,095,5.23191,-0.05771,
2,val,095,5.68402,-0.05870,
2,train,096,5.26935,-0.03051,
2,val,096,5.62650,-0.04802,
2,train,097,5.02253,-0.02250,
2,val,097,5.67365,-0.05679,
2,train,098,5.18219,-0.03049,
2,val,098,5.77803,-0.07623,
2,train,099,5.10982,-0.02672,
2,val,099,5.75324,-0.07156,
2,train,100,4.96508,-0.01053,
2,val,100,5.83075,-0.08607,
3,train,001,1294.25841,-265.06897,
3,val,001,1331.35559,-277.51157,
3,train,002,1191.24423,-241.66936,
3,val,002,1313.56262,-273.78937,
3,train,003,1039.80028,-203.10872,
3,val,003,1266.41833,-263.93170,
3,train,004,876.14785,-176.96042,
3,val,004,1173.40259,-244.48582,
3,train,005,713.83248,-142.21625,
3,val,005,1026.51501,-213.74075,
3,train,006,559.05422,-114.39722,
3,val,006,828.44202,-172.30508,
3,train,007,414.20851,-82.66568,
3,val,007,624.52246,-129.64861,
3,train,008,282.67630,-55.14059,
3,val,008,449.96658,-93.13520,
3,train,009,174.02848,-33.59076,
3,val,009,308.92545,-63.62872,
3,train,010,90.38240,-16.77767,
3,val,010,194.98508,-39.79254,
3,train,011,35.32621,-6.08315,
3,val,011,106.52402,-21.28418,
3,train,012,12.37673,-1.50945,
3,val,012,55.44602,-10.59897,
3,train,013,9.27986,-0.83514,
3,val,013,33.51998,-6.01218,best
3,train,014,8.01727,-0.53424,
3,val,014,26.48885,-4.54160,best
3,train,015,6.18023,-0.19877,
3,val,015,22.61882,-3.73205,best
3,train,016,6.00506,-0.17294,
3,val,016,16.73154,-2.50032,best
3,train,017,5.97745,-0.17204,
3,val,017,10.86821,-1.27360,best
3,train,018,5.86275,-0.14585,
3,val,018,7.87851,-0.64825,best
3,train,019,5.61954,-0.10470,
3,val,019,6.69533,-0.40062,best
3,train,020,5.27875,-0.07261,
3,val,020,6.38373,-0.33546,best
3,train,021,5.63518,-0.12679,
3,val,021,6.56887,-0.37417,
3,train,022,5.59113,-0.09172,
3,val,022,6.88485,-0.44034,
3,train,023,5.49345,-0.07390,
3,val,023,6.46113,-0.35172,
3,train,024,5.74808,-0.14777,
3,val,024,6.41002,-0.34103,
3,train,025,5.53264,-0.06956,
3,val,025,6.26415,-0.31044,best
3,train,026,5.56931,-0.07951,
3,val,026,6.35641,-0.32982,
3,train,027,5.62141,-0.08183,
3,val,027,6.39031,-0.33691,
3,train,028,5.31727,-0.07037,
3,val,028,6.56757,-0.37397,
3,train,029,5.32253,-0.03986,
3,val,029,6.18955,-0.29488,best
3,train,030,5.36977,-0.04714,
3,val,030,6.11642,-0.27954,best
3,train,031,5.46792,-0.08927,
3,val,031,6.09676,-0.27549,best
3,train,032,5.74692,-0.12347,
3,val,032,6.00100,-0.25546,best
3,train,033,5.47321,-0.07430,
3,val,033,6.26583,-0.31084,
3,train,034,5.38178,-0.05350,
3,val,034,6.31474,-0.32107,
3,train,035,5.36200,-0.07979,
3,val,035,6.18966,-0.29491,
3,train,036,5.51569,-0.09363,
3,val,036,6.16769,-0.29031,
3,train,037,5.54860,-0.06922,
3,val,037,6.03766,-0.26306,
3,train,038,5.28542,-0.04628,
3,val,038,6.37599,-0.33389,
3,train,039,5.50893,-0.06803,
3,val,039,6.50244,-0.36027,
3,train,040,5.21305,-0.04037,
3,val,040,6.10331,-0.27678,
3,train,041,5.36715,-0.03327,
3,val,041,5.93438,-0.24150,best
3,train,042,5.54515,-0.07769,
3,val,042,5.95567,-0.24591,
3,train,043,5.45909,-0.06705,
3,val,043,5.87561,-0.22914,best
3,train,044,5.48127,-0.05432,
3,val,044,6.08937,-0.27393,
3,train,045,5.41950,-0.08780,
3,val,045,5.91800,-0.23807,
3,train,046,5.54484,-0.08929,
3,val,046,5.85485,-0.22491,best
3,train,047,5.22566,-0.02210,
3,val,047,5.62868,-0.17755,best
3,train,048,5.37738,-0.05369,
3,val,048,5.77517,-0.20813,
3,train,049,5.28469,-0.03683,
3,val,049,5.76258,-0.20556,
3,train,050,5.12928,-0.01900,
3,val,050,5.66265,-0.18465,
3,train,051,5.21118,-0.00972,
3,val,051,5.79307,-0.21190,
3,train,052,5.01994,0.01792,
3,val,052,5.76394,-0.20580,
3,train,053,5.66077,-0.06280,
3,val,053,5.58478,-0.16838,best
3,train,054,5.32892,-0.06545,
3,val,054,5.88338,-0.23083,
3,train,055,5.26862,-0.05189,
3,val,055,5.67224,-0.18666,
3,train,056,5.04715,-0.01020,
3,val,056,5.44837,-0.13977,best
3,train,057,5.37895,-0.03722,
3,val,057,5.60885,-0.17334,
3,train,058,5.55074,-0.08937,
3,val,058,5.40064,-0.12978,best
3,train,059,5.37076,-0.05211,
3,val,059,5.40754,-0.13130,
3,train,060,5.18377,-0.01925,
3,val,060,5.35510,-0.12033,best
3,train,061,5.33153,-0.05001,
3,val,061,5.29198,-0.10713,best
3,train,062,5.38901,-0.06526,
3,val,062,5.45002,-0.14017,
3,train,063,5.35740,-0.05107,
3,val,063,5.83015,-0.21965,
3,train,064,5.34506,-0.05187,
3,val,064,5.98549,-0.25219,
3,train,065,5.52188,-0.09106,
3,val,065,5.80453,-0.21427,
3,train,066,5.28722,-0.04807,
3,val,066,5.89907,-0.23411,
3,train,067,5.22703,-0.04574,
3,val,067,6.06424,-0.26867,
3,train,068,5.22328,-0.05244,
3,val,068,6.10235,-0.27666,
3,train,069,5.52855,-0.06762,
3,val,069,6.06991,-0.26988,
3,train,070,5.32073,-0.04932,
3,val,070,5.90891,-0.23617,
3,train,071,5.37500,-0.05016,
3,val,071,5.93214,-0.24103,
3,train,072,5.26120,-0.02065,
3,val,072,5.63905,-0.17966,
3,train,073,5.18679,-0.01386,
3,val,073,5.40525,-0.13074,
3,train,074,5.37722,-0.05291,
3,val,074,5.52630,-0.15613,
3,train,075,5.33617,-0.07729,
3,val,075,5.53847,-0.15861,
3,train,076,5.34548,-0.06325,
3,val,076,5.43486,-0.13700,
3,train,077,5.28227,-0.06129,
3,val,077,5.26306,-0.10100,best
3,train,078,5.38162,-0.03899,
3,val,078,5.25223,-0.09873,best
3,train,079,5.29810,-0.02576,
3,val,079,5.53641,-0.15824,
3,train,080,5.28800,-0.01744,
3,val,080,5.62116,-0.17593,
3,train,081,5.20101,-0.00836,
3,val,081,5.46927,-0.14422,
3,train,082,4.97186,0.03402,
3,val,082,5.52805,-0.15644,
3,train,083,5.50257,-0.05199,
3,val,083,5.39113,-0.12779,
3,train,084,5.19077,-0.02068,
3,val,084,5.40822,-0.13145,
3,train,085,5.29769,-0.04286,
3,val,085,5.47473,-0.14534,
3,train,086,5.13314,-0.00018,
3,val,086,5.53298,-0.15755,
3,train,087,5.32320,-0.04719,
3,val,087,5.56852,-0.16498,
3,train,088,5.23115,-0.02891,
3,val,088,5.41722,-0.13325,
3,train,089,5.09600,0.00560,
3,val,089,5.58473,-0.16835,
3,train,090,5.19613,-0.03142,
3,val,090,5.50788,-0.15221,
3,train,091,4.99000,0.05909,
3,val,091,5.52654,-0.15610,
3,train,092,5.19592,-0.04389,
3,val,092,5.55118,-0.16127,
3,train,093,4.86300,0.04309,
3,val,093,5.45682,-0.14155,
3,train,094,5.24038,-0.03323,
3,val,094,5.42771,-0.13550,
3,train,095,5.25184,-0.03071,
3,val,095,5.49117,-0.14878,
3,train,096,5.15295,-0.02956,
3,val,096,5.51586,-0.15395,
3,train,097,5.41717,-0.04923,
3,val,097,5.55089,-0.16123,
3,train,098,5.56563,-0.05189,
3,val,098,5.83116,-0.21982,
3,train,099,5.02463,-0.00994,
3,val,099,5.88092,-0.23034,
3,train,100,5.29626,-0.05034,
3,val,100,5.82938,-0.21947,
4,train,001,1277.14814,-261.82251,
4,val,001,1323.21619,-262.71393,
4,train,002,1178.78165,-235.32492,
4,val,002,1305.33691,-259.15063,
4,train,003,1032.51441,-202.08180,
4,val,003,1258.92651,-249.90947,
4,train,004,871.69672,-171.24615,
4,val,004,1166.47522,-231.46812,
4,train,005,715.03026,-138.60587,
4,val,005,1004.39240,-199.17972,
4,train,006,561.68939,-109.94070,
4,val,006,796.06628,-157.65944,
4,train,007,422.34699,-84.05753,
4,val,007,593.77942,-117.33887,
4,train,008,293.47478,-57.01366,
4,val,008,418.57376,-82.41940,
4,train,009,184.90284,-36.18272,
4,val,009,280.59314,-54.91879,
4,train,010,99.98508,-19.06860,
4,val,010,171.67276,-33.21399,
4,train,011,40.88017,-7.19923,
4,val,011,90.23697,-16.98342,
4,train,012,13.02270,-1.54345,
4,val,012,41.08000,-7.18742,best
4,train,013,7.73835,-0.55824,
4,val,013,22.03049,-3.39063,best
4,train,014,8.69958,-0.71729,
4,val,014,17.31174,-2.45019,best
4,train,015,6.73468,-0.34590,
4,val,015,16.21418,-2.23145,best
4,train,016,5.81738,-0.12845,
4,val,016,14.22268,-1.83455,best
4,train,017,5.84334,-0.14715,
4,val,017,10.04709,-1.00243,best
4,train,018,5.50382,-0.09145,
4,val,018,7.58814,-0.51222,best
4,train,019,5.68125,-0.08356,
4,val,019,6.68777,-0.33286,best
4,train,020,5.62322,-0.08969,
4,val,020,6.64130,-0.32360,best
4,train,021,5.20367,-0.04014,
4,val,021,6.66721,-0.32874,
4,train,022,5.48894,-0.06270,
4,val,022,6.91341,-0.37787,
4,train,023,5.51743,-0.09784,
4,val,023,7.07672,-0.41042,
4,train,024,5.71830,-0.14151,
4,val,024,7.13902,-0.42281,
4,train,025,5.48026,-0.05944,
4,val,025,6.84510,-0.36426,
4,train,026,5.33659,-0.06269,
4,val,026,6.52944,-0.30130,best
4,train,027,5.48686,-0.07268,
4,val,027,6.11639,-0.21896,best
4,train,028,5.20653,-0.01509,
4,val,028,5.87167,-0.17021,best
4,train,029,5.44456,-0.06519,
4,val,029,5.67477,-0.13095,best
4,train,030,5.31855,-0.08840,
4,val,030,5.58062,-0.11215,best
4,train,031,5.39301,-0.04977,
4,val,031,5.63303,-0.12265,
4,train,032,5.36491,-0.05500,
4,val,032,5.83416,-0.16274,
4,train,033,5.32730,-0.03609,
4,val,033,5.67660,-0.13128,
4,train,034,5.63092,-0.08086,
4,val,034,5.98469,-0.19273,
4,train,035,5.21149,-0.02854,
4,val,035,5.80789,-0.15752,
4,train,036,5.30314,-0.05619,
4,val,036,5.57926,-0.11193,best
4,train,037,5.44239,-0.07781,
4,val,037,5.80735,-0.15743,
4,train,038,5.29283,-0.02737,
4,val,038,5.73661,-0.14333,
4,train,039,5.32568,-0.05601,
4,val,039,5.85901,-0.16769,
4,train,040,5.40992,-0.05795,
4,val,040,5.82311,-0.16057,
4,train,041,5.42617,-0.07784,
4,val,041,5.56178,-0.10849,best
4,train,042,5.56447,-0.07983,
4,val,042,5.46063,-0.08829,best
4,train,043,5.18848,-0.03079,
4,val,043,5.24108,-0.04453,best
4,train,044,5.61750,-0.08538,
4,val,044,5.20316,-0.03701,best
4,train,045,5.53092,-0.07206,
4,val,045,5.33589,-0.06338,
4,train,046,5.41443,-0.07061,
4,val,046,5.33268,-0.06283,
4,train,047,5.30957,-0.04157,
4,val,047,5.20555,-0.03745,
4,train,048,5.43923,-0.07645,
4,val,048,5.26866,-0.05003,
4,train,049,5.32092,-0.09340,
4,val,049,5.19908,-0.03617,best
4,train,050,5.33446,-0.00850,
4,val,050,5.18094,-0.03250,best
4,train,051,5.45910,-0.09044,
4,val,051,5.09435,-0.01529,best
4,train,052,5.28659,-0.04360,
4,val,052,5.23414,-0.04319,
4,train,053,5.33475,-0.07746,
4,val,053,5.12752,-0.02194,
4,train,054,5.27155,-0.05584,
4,val,054,4.96278,0.01098,best
4,train,055,5.25799,-0.03326,
4,val,055,4.81475,0.04043,best
4,train,056,5.30727,-0.05026,
4,val,056,4.84908,0.03364,
4,train,057,5.47020,-0.08897,
4,val,057,4.76251,0.05086,best
4,train,058,5.30067,-0.04966,
4,val,058,4.75928,0.05149,best
4,train,059,5.36349,-0.06266,
4,val,059,4.77467,0.04842,
4,train,060,5.34594,-0.08257,
4,val,060,4.94566,0.01434,
4,train,061,5.19269,-0.03042,
4,val,061,5.01081,0.00134,
4,train,062,5.43824,-0.05569,
4,val,062,5.22097,-0.04056,
4,train,063,5.26257,-0.04017,
4,val,063,5.44538,-0.08516,
4,train,064,5.37596,-0.05484,
4,val,064,5.51610,-0.09938,
4,train,065,5.13739,-0.05013,
4,val,065,5.31234,-0.05877,
4,train,066,5.31904,-0.04344,
4,val,066,5.12628,-0.02169,
4,train,067,5.40887,-0.05757,
4,val,067,5.08146,-0.01272,
4,train,068,5.38176,-0.08440,
4,val,068,5.04182,-0.00482,
4,train,069,4.97374,-0.00818,
4,val,069,5.01853,-0.00018,
4,train,070,5.35351,-0.04019,
4,val,070,5.14571,-0.02553,
4,train,071,5.54782,-0.06307,
4,val,071,5.14107,-0.02464,
4,train,072,5.30026,-0.05957,
4,val,072,4.95623,0.01225,
4,train,073,5.18833,-0.03584,
4,val,073,5.07439,-0.01135,
4,train,074,5.51691,-0.08657,
4,val,074,5.38586,-0.07342,
4,train,075,5.35713,-0.07756,
4,val,075,5.30054,-0.05639,
4,train,076,5.19694,-0.02861,
4,val,076,5.21723,-0.03982,
4,train,077,5.18709,-0.01817,
4,val,077,5.37458,-0.07114,
4,train,078,5.27807,-0.01830,
4,val,078,5.41366,-0.07888,
4,train,079,5.33919,-0.04400,
4,val,079,5.39149,-0.07449,
4,train,080,5.44031,-0.05677,
4,val,080,5.42720,-0.08158,
4,train,081,5.30963,-0.03537,
4,val,081,5.36959,-0.07015,
4,train,082,5.21751,-0.01828,
4,val,082,5.34083,-0.06440,
4,train,083,5.35380,-0.08038,
4,val,083,5.28505,-0.05326,
4,train,084,5.06800,-0.00377,
4,val,084,5.29890,-0.05606,
4,train,085,5.10002,-0.01250,
4,val,085,5.09174,-0.01481,
4,train,086,5.17973,-0.02457,
4,val,086,5.13480,-0.02335,
4,train,087,5.34545,-0.05268,
4,val,087,5.20073,-0.03653,
4,train,088,5.55946,-0.08311,
4,val,088,5.27792,-0.05191,
4,train,089,5.29272,-0.05102,
4,val,089,5.49681,-0.09554,
4,train,090,5.27023,-0.05498,
4,val,090,5.46557,-0.08931,
4,train,091,5.21924,-0.04598,
4,val,091,5.27431,-0.05118,
4,train,092,5.07970,0.01192,
4,val,092,5.34474,-0.06514,
4,train,093,5.32758,-0.05670,
4,val,093,5.48042,-0.09223,
4,train,094,5.14426,-0.00923,
4,val,094,5.62047,-0.12015,
4,train,095,5.26268,-0.04174,
4,val,095,5.59345,-0.11476,
4,train,096,5.30792,-0.07048,
4,val,096,5.68290,-0.13253,
4,train,097,5.29025,-0.02659,
4,val,097,5.78325,-0.15263,
4,train,098,5.09539,-0.02338,
4,val,098,5.81933,-0.15982,
4,train,099,5.31081,-0.02831,
4,val,099,5.76577,-0.14910,
4,train,100,5.25882,-0.02860,
4,val,100,5.46790,-0.08978,
5,train,001,1273.17637,-250.82068,
5,val,001,1308.08752,-284.12518,
5,train,002,1175.29532,-234.96877,
5,val,002,1287.92444,-279.73022,
5,train,003,1032.69508,-205.39406,
5,val,003,1237.45691,-268.73462,
5,train,004,876.71472,-180.13326,
5,val,004,1141.81311,-247.88669,
5,train,005,721.61156,-140.05399,
5,val,005,999.10883,-216.78860,
5,train,006,569.15952,-111.38082,
5,val,006,810.38379,-175.65298,
5,train,007,425.55895,-84.12123,
5,val,007,618.41211,-133.79593,
5,train,008,296.66110,-57.39719,
5,val,008,450.44189,-97.19218,
5,train,009,186.90282,-35.62195,
5,val,009,302.56989,-64.95266,
5,train,010,101.38392,-19.26010,
5,val,010,183.31517,-38.95740,
5,train,011,40.03999,-6.87335,
5,val,011,93.49578,-19.38085,
5,train,012,10.97639,-1.24201,
5,val,012,39.24817,-7.55512,best
5,train,013,8.35416,-0.62993,
5,val,013,20.31298,-3.42764,best
5,train,014,8.54196,-0.66179,
5,val,014,17.12411,-2.73276,best
5,train,015,6.67503,-0.31180,
5,val,015,18.42649,-3.01644,
5,train,016,5.99093,-0.15675,
5,val,016,16.76622,-2.65455,best
5,train,017,6.16001,-0.19717,
5,val,017,12.16687,-1.65217,best
5,train,018,5.78460,-0.14125,
5,val,018,8.24871,-0.79811,best
5,train,019,5.85341,-0.13637,
5,val,019,6.64811,-0.44917,best
5,train,020,5.63195,-0.12736,
5,val,020,5.91141,-0.28854,best
5,train,021,5.64800,-0.14151,
5,val,021,6.12838,-0.33581,
5,train,022,5.48903,-0.07665,
5,val,022,5.86257,-0.27785,best
5,train,023,5.45891,-0.07496,
5,val,023,5.69564,-0.24151,best
5,train,024,5.21813,-0.01561,
5,val,024,5.33474,-0.16290,best
5,train,025,5.34893,-0.05322,
5,val,025,5.26514,-0.14763,best
5,train,026,5.44138,-0.08769,
5,val,026,5.34961,-0.16606,
5,train,027,5.41140,-0.07132,
5,val,027,5.46948,-0.19227,
5,train,028,5.40081,-0.05945,
5,val,028,5.39134,-0.17524,
5,train,029,5.66577,-0.09010,
5,val,029,5.13907,-0.12023,best
5,train,030,5.36974,-0.03951,
5,val,030,5.21060,-0.13584,
5,train,031,5.22965,-0.01609,
5,val,031,5.35947,-0.16827,
5,train,032,5.45977,-0.06510,
5,val,032,5.36640,-0.16978,
5,train,033,5.35649,-0.05038,
5,val,033,5.27366,-0.14953,
5,train,034,5.50066,-0.08192,
5,val,034,5.21368,-0.13649,
5,train,035,5.29678,-0.04065,
5,val,035,5.42071,-0.18164,
5,train,036,5.36378,-0.07742,
5,val,036,5.25840,-0.14624,
5,train,037,5.33848,-0.05205,
5,val,037,4.94814,-0.07863,best
5,train,038,5.44620,-0.05245,
5,val,038,4.69633,-0.02374,best
5,train,039,5.46725,-0.06626,
5,val,039,4.63892,-0.01122,best
5,train,040,5.33232,-0.04861,
5,val,040,4.79642,-0.04548,
5,train,041,5.46294,-0.07088,
5,val,041,4.86471,-0.06039,
5,train,042,5.27372,-0.05219,
5,val,042,5.03024,-0.09647,
5,train,043,5.39322,-0.05886,
5,val,043,4.90688,-0.06962,
5,train,044,5.37668,-0.06968,
5,val,044,4.59194,-0.00093,best
5,train,045,5.15692,-0.01205,
5,val,045,4.68529,-0.02128,
5,train,046,4.90508,0.03712,
5,val,046,4.88111,-0.06394,
5,train,047,5.43455,-0.03824,
5,val,047,4.96485,-0.08221,
5,train,048,5.30181,-0.04254,
5,val,048,5.01439,-0.09301,
5,train,049,5.09883,-0.04072,
5,val,049,5.08304,-0.10804,
5,train,050,5.37931,-0.02928,
5,val,050,5.20130,-0.13373,
5,train,051,5.51614,-0.09876,
5,val,051,5.13952,-0.12035,
5,train,052,5.54725,-0.07894,
5,val,052,5.04967,-0.10068,
5,train,053,5.44872,-0.08221,
5,val,053,5.06547,-0.10418,
5,train,054,5.28632,-0.00800,
5,val,054,4.80783,-0.04799,
5,train,055,5.28113,-0.01937,
5,val,055,4.75930,-0.03746,
5,train,056,5.00448,0.02724,
5,val,056,5.04773,-0.10028,
5,train,057,5.36168,-0.05224,
5,val,057,5.01190,-0.09247,
5,train,058,5.04526,0.02588,
5,val,058,5.02340,-0.09503,
5,train,059,5.21936,0.01022,
5,val,059,5.11730,-0.11550,
5,train,060,5.41507,-0.02840,
5,val,060,5.02408,-0.09516,
5,train,061,5.48585,-0.07272,
5,val,061,5.20382,-0.13428,
5,train,062,5.18233,-0.01732,
5,val,062,5.24055,-0.14237,
5,train,063,5.49739,-0.07115,
5,val,063,5.24656,-0.14366,
5,train,064,5.39971,-0.03861,
5,val,064,5.19698,-0.13279,
5,train,065,5.47718,-0.06277,
5,val,065,5.08567,-0.10861,
5,train,066,5.17535,-0.02316,
5,val,066,5.07181,-0.10559,
5,train,067,5.29914,-0.02773,
5,val,067,5.01806,-0.09387,
5,train,068,5.45753,-0.06237,
5,val,068,5.10358,-0.11243,
5,train,069,5.38827,-0.04988,
5,val,069,5.03978,-0.09861,
5,train,070,5.20281,-0.01560,
5,val,070,5.04480,-0.09964,
5,train,071,5.33382,-0.03735,
5,val,071,5.23400,-0.14086,
5,train,072,5.30823,-0.06373,
5,val,072,5.27555,-0.15000,
5,train,073,5.25453,-0.03334,
5,val,073,5.22040,-0.13798,
5,train,074,5.58608,-0.07366,
5,val,074,5.32033,-0.15978,
5,train,075,5.17671,0.01022,
5,val,075,5.30428,-0.15622,
5,train,076,5.29397,-0.03728,
5,val,076,5.31842,-0.15928,
5,train,077,5.06490,0.00964,
5,val,077,5.17741,-0.12855,
5,train,078,5.23085,-0.02662,
5,val,078,5.09138,-0.10983,
5,train,079,5.35554,-0.02730,
5,val,079,5.01485,-0.09315,
5,train,080,5.18365,-0.01364,
5,val,080,5.06685,-0.10445,
5,train,081,5.27141,-0.01865,
5,val,081,4.97460,-0.08438,
5,train,082,5.38178,-0.04405,
5,val,082,4.96705,-0.08275,
5,train,083,5.48103,-0.01937,
5,val,083,5.02042,-0.09431,
5,train,084,5.10959,-0.00009,
5,val,084,5.07837,-0.10700,
5,train,085,5.20234,-0.02246,
5,val,085,5.01251,-0.09264,
5,train,086,5.32359,-0.10025,
5,val,086,4.78246,-0.04246,
5,train,087,5.21747,-0.00558,
5,val,087,4.75918,-0.03736,
5,train,088,5.51523,-0.04821,
5,val,088,4.66700,-0.01734,
5,train,089,5.31669,-0.06716,
5,val,089,4.88191,-0.06419,
5,train,090,5.19716,-0.01325,
5,val,090,4.91134,-0.07055,
5,train,091,5.22999,-0.02922,
5,val,091,5.00278,-0.09056,
5,train,092,5.43786,-0.04212,
5,val,092,5.23735,-0.14159,
5,train,093,5.22966,-0.00715,
5,val,093,5.08287,-0.10800,
5,train,094,5.38895,-0.04925,
5,val,094,4.93088,-0.07485,
5,train,095,5.10767,0.00998,
5,val,095,4.68610,-0.02145,
5,train,096,5.35527,-0.04677,
5,val,096,4.52036,0.01462,best
5,train,097,5.55341,-0.05848,
5,val,097,4.61978,-0.00703,
5,train,098,5.40638,-0.03814,
5,val,098,4.79058,-0.04426,
5,train,099,5.27852,-0.02046,
5,val,099,4.83753,-0.05452,
5,train,100,5.37785,-0.05876,
5,val,100,4.69744,-0.02392,
6,train,001,1277.17821,-264.18900,
6,val,001,1311.04260,-253.25871,
6,train,002,1177.05315,-242.55241,
6,val,002,1289.28784,-249.04774,
6,train,003,1031.91667,-203.97578,
6,val,003,1233.78284,-238.27525,
6,train,004,870.16278,-174.48146,
6,val,004,1127.74927,-217.71149,
6,train,005,710.87399,-141.47195,
6,val,005,960.39594,-185.25861,
6,train,006,557.95785,-110.23093,
6,val,006,749.83051,-144.41934,
6,train,007,414.43201,-80.75510,
6,val,007,552.93555,-106.23427,
6,train,008,284.77444,-56.44222,
6,val,008,386.79587,-74.01375,
6,train,009,177.08101,-34.60085,
6,val,009,247.81689,-47.06068,
6,train,010,91.29797,-17.63973,
6,val,010,140.69629,-26.28611,
6,train,011,34.19274,-5.93584,
6,val,011,64.18143,-11.44771,
6,train,012,9.80931,-1.02289,
6,val,012,24.75035,-3.79999,best
6,train,013,9.31252,-0.81163,
6,val,013,14.70673,-1.85217,best
6,train,014,9.31424,-0.88459,
6,val,014,15.30720,-1.96857,
6,train,015,6.42133,-0.28695,
6,val,015,17.57077,-2.40794,
6,train,016,6.00509,-0.16450,
6,val,016,16.49338,-2.19866,
6,train,017,5.87630,-0.18311,
6,val,017,12.60783,-1.44512,best
6,train,018,5.40778,-0.06167,
6,val,018,8.88429,-0.72299,best
6,train,019,5.62137,-0.10802,
6,val,019,7.38372,-0.43204,best
6,train,020,5.56270,-0.08944,
6,val,020,7.16636,-0.38989,best
6,train,021,5.90914,-0.15717,
6,val,021,7.37339,-0.42997,
6,train,022,5.26330,-0.04691,
6,val,022,7.01623,-0.36083,best
6,train,023,5.45198,-0.08784,
6,val,023,6.56124,-0.27246,best
6,train,024,5.35177,-0.04144,
6,val,024,5.97500,-0.15883,best
6,train,025,5.44878,-0.07270,
6,val,025,5.78224,-0.12144,best
6,train,026,5.59079,-0.08826,
6,val,026,5.65062,-0.09591,best
6,train,027,5.14017,-0.00727,
6,val,027,5.59532,-0.08513,best
6,train,028,5.49234,-0.10353,
6,val,028,5.50702,-0.06801,best
6,train,029,5.43801,-0.07398,
6,val,029,5.54206,-0.07486,
6,train,030,5.46143,-0.07055,
6,val,030,5.46216,-0.05931,best
6,train,031,5.25731,-0.03738,
6,val,031,5.58585,-0.08330,
6,train,032,5.24266,-0.03333,
6,val,032,5.55470,-0.07727,
6,train,033,5.31402,-0.04853,
6,val,033,5.49084,-0.06487,
6,train,034,5.64474,-0.10247,
6,val,034,5.56697,-0.07964,
6,train,035,5.54576,-0.12218,
6,val,035,5.63853,-0.09352,
6,train,036,5.04754,-0.03825,
6,val,036,5.56793,-0.07982,
6,train,037,5.31849,-0.05173,
6,val,037,5.51828,-0.07019,
6,train,038,5.36742,-0.04387,
6,val,038,5.45266,-0.05747,best
6,train,039,5.66557,-0.06336,
6,val,039,5.69443,-0.10436,
6,train,040,5.22485,-0.01395,
6,val,040,5.75703,-0.11650,
6,train,041,5.21897,-0.00314,
6,val,041,5.95929,-0.15572,
6,train,042,5.26890,-0.02500,
6,val,042,6.16218,-0.19513,
6,train,043,5.15129,-0.02324,
6,val,043,6.00805,-0.16518,
6,train,044,5.45387,-0.05807,
6,val,044,5.99920,-0.16346,
6,train,045,5.46836,-0.09385,
6,val,045,6.07546,-0.17825,
6,train,046,5.35981,-0.05795,
6,val,046,6.10249,-0.18349,
6,train,047,5.53744,-0.09099,
6,val,047,5.87239,-0.13887,
6,train,048,5.30824,-0.05439,
6,val,048,6.02432,-0.16833,
6,train,049,5.05977,-0.00247,
6,val,049,5.95380,-0.15471,
6,train,050,5.32866,-0.05169,
6,val,050,5.78786,-0.12248,
6,train,051,5.15020,-0.02526,
6,val,051,5.64966,-0.09567,
6,train,052,5.39873,-0.06810,
6,val,052,5.54189,-0.07477,
6,train,053,5.25331,-0.02967,
6,val,053,5.63397,-0.09268,
6,train,054,5.23696,-0.02254,
6,val,054,5.73133,-0.11151,
6,train,055,5.03816,-0.02536,
6,val,055,5.77317,-0.11965,
6,train,056,5.48126,-0.06456,
6,val,056,5.81049,-0.12692,
6,train,057,5.10791,-0.00866,
6,val,057,5.68491,-0.10251,
6,train,058,5.22917,-0.01618,
6,val,058,5.91729,-0.14763,
6,train,059,5.31242,-0.03034,
6,val,059,5.93593,-0.15119,
6,train,060,5.13944,-0.01808,
6,val,060,5.93105,-0.15025,
6,train,061,5.66419,-0.10001,
6,val,061,5.85075,-0.13467,
6,train,062,5.57927,-0.09229,
6,val,062,5.76160,-0.11738,
6,train,063,5.16481,-0.00875,
6,val,063,5.65709,-0.09711,
6,train,064,5.34635,-0.04267,
6,val,064,5.73264,-0.11177,
6,train,065,5.32151,-0.06208,
6,val,065,5.94406,-0.15281,
6,train,066,5.20698,-0.01865,
6,val,066,6.03706,-0.17080,
6,train,067,5.32719,-0.03435,
6,val,067,6.08215,-0.17955,
6,train,068,5.27563,-0.02671,
6,val,068,5.90945,-0.14606,
6,train,069,5.20141,-0.01581,
6,val,069,5.79147,-0.12318,
6,train,070,5.23869,-0.04355,
6,val,070,5.58513,-0.08318,
6,train,071,5.35875,-0.04920,
6,val,071,5.23382,-0.01503,best
6,train,072,5.02583,-0.00684,
6,val,072,5.09424,0.01204,best
6,train,073,5.29785,-0.06089,
6,val,073,5.12933,0.00524,
6,train,074,5.33388,-0.02960,
6,val,074,5.33825,-0.03530,
6,train,075,5.01424,-0.00158,
6,val,075,5.45140,-0.05728,
6,train,076,5.08512,-0.03794,
6,val,076,5.41448,-0.05005,
6,train,077,5.15759,-0.01817,
6,val,077,5.49142,-0.06499,
6,train,078,5.09009,-0.03562,
6,val,078,5.57207,-0.08063,
6,train,079,5.01915,0.00763,
6,val,079,5.60698,-0.08740,
6,train,080,5.10258,-0.02255,
6,val,080,5.84562,-0.13368,
6,train,081,5.35099,-0.04674,
6,val,081,5.64263,-0.09431,
6,train,082,5.22960,-0.00905,
6,val,082,5.67048,-0.09971,
6,train,083,5.11725,-0.00845,
6,val,083,5.77770,-0.12050,
6,train,084,5.12835,-0.02054,
6,val,084,5.92679,-0.14942,
6,train,085,5.24016,-0.01371,
6,val,085,6.06716,-0.17664,
6,train,086,5.18211,-0.01960,
6,val,086,5.97434,-0.15870,
6,train,087,5.13721,-0.02770,
6,val,087,5.80926,-0.12663,
6,train,088,5.16798,-0.02938,
6,val,088,5.57452,-0.08110,
6,train,089,5.03501,-0.00682,
6,val,089,5.58106,-0.08242,
6,train,090,4.99008,-0.01159,
6,val,090,5.60089,-0.08627,
6,train,091,5.15540,-0.01617,
6,val,091,5.36610,-0.04066,
6,train,092,5.36626,-0.08564,
6,val,092,5.49918,-0.06649,
6,train,093,5.06088,0.00401,
6,val,093,5.46683,-0.06022,
6,train,094,5.06446,-0.01267,
6,val,094,5.46885,-0.06066,
6,train,095,5.07468,0.00624,
6,val,095,5.53305,-0.07311,
6,train,096,5.40605,-0.07543,
6,val,096,5.72980,-0.11122,
6,train,097,5.11976,-0.01991,
6,val,097,5.78002,-0.12095,
6,train,098,5.21778,-0.03672,
6,val,098,5.88440,-0.14122,
6,train,099,5.26299,-0.04115,
6,val,099,5.84251,-0.13313,
6,train,100,5.34658,-0.06729,
6,val,100,5.88675,-0.14171,
7,train,001,1301.64335,-253.75894,
7,val,001,1294.53906,-262.11523,
7,train,002,1201.01078,-244.38368,
7,val,002,1274.89380,-258.12231,
7,train,003,1057.55428,-218.57425,
7,val,003,1221.17603,-247.20416,
7,train,004,899.00338,-179.04698,
7,val,004,1114.26831,-225.47134,
7,train,005,740.46684,-147.19072,
7,val,005,954.52734,-193.00778,
7,train,006,586.41190,-117.92190,
7,val,006,768.80615,-155.25995,
7,train,007,441.71929,-86.61107,
7,val,007,592.86029,-119.49892,
7,train,008,309.89693,-61.21257,
7,val,008,434.26163,-87.26373,
7,train,009,199.08633,-39.44967,
7,val,009,294.92511,-58.94356,
7,train,010,106.71852,-20.79313,
7,val,010,177.64368,-35.10610,
7,train,011,45.65878,-8.37656,
7,val,011,91.29668,-17.55575,
7,train,012,13.75896,-1.74881,
7,val,012,40.05341,-7.14072,best
7,train,013,9.15768,-0.83925,
7,val,013,20.09933,-3.08512,best
7,train,014,8.57249,-0.69057,
7,val,014,16.16211,-2.28495,best
7,train,015,6.61794,-0.30463,
7,val,015,15.47898,-2.14611,best
7,train,016,5.80277,-0.12881,
7,val,016,13.38108,-1.71971,best
7,train,017,6.06825,-0.17870,
7,val,017,9.36852,-0.90415,best
7,train,018,5.43092,-0.08639,
7,val,018,7.04537,-0.43197,best
7,train,019,5.63388,-0.14977,
7,val,019,6.14722,-0.24942,best
7,train,020,5.46790,-0.07130,
7,val,020,6.19243,-0.25861,
7,train,021,5.18602,-0.03127,
7,val,021,6.18475,-0.25705,
7,train,022,5.55565,-0.07869,
7,val,022,5.84799,-0.18861,best
7,train,023,5.28175,-0.03387,
7,val,023,5.63030,-0.14436,best
7,train,024,5.19740,-0.05590,
7,val,024,5.63582,-0.14548,
7,train,025,5.48478,-0.05369,
7,val,025,5.40154,-0.09785,best
7,train,026,5.43770,-0.04085,
7,val,026,5.46527,-0.11082,
7,train,027,5.20945,-0.04389,
7,val,027,5.67243,-0.15290,
7,train,028,5.55287,-0.07767,
7,val,028,5.71451,-0.16147,
7,train,029,5.41809,-0.05767,
7,val,029,5.80131,-0.17910,
7,train,030,5.24385,-0.04514,
7,val,030,5.52883,-0.12379,
7,train,031,5.35406,-0.06316,
7,val,031,5.45412,-0.10855,
7,train,032,5.44240,-0.07778,
7,val,032,5.54385,-0.12677,
7,train,033,5.34012,-0.07273,
7,val,033,5.58046,-0.13423,
7,train,034,5.25518,-0.04306,
7,val,034,5.66844,-0.15211,
7,train,035,5.26311,-0.05147,
7,val,035,5.70442,-0.15943,
7,train,036,5.19938,-0.02116,
7,val,036,5.70994,-0.16053,
7,train,037,5.32625,-0.02065,
7,val,037,5.78301,-0.17538,
7,train,038,5.30929,-0.04764,
7,val,038,5.91671,-0.20257,
7,train,039,5.35918,-0.03740,
7,val,039,5.54306,-0.12663,
7,train,040,5.44580,-0.03987,
7,val,040,5.37680,-0.09284,best
7,train,041,5.30163,-0.04304,
7,val,041,5.42009,-0.10163,
7,train,042,5.33257,-0.05604,
7,val,042,5.47425,-0.11264,
7,train,043,5.22526,-0.01900,
7,val,043,5.36229,-0.08989,best
7,train,044,5.23565,-0.01722,
7,val,044,5.35405,-0.08821,best
7,train,045,5.18179,-0.00769,
7,val,045,5.47235,-0.11226,
7,train,046,5.44753,-0.06339,
7,val,046,5.52699,-0.12342,
7,train,047,5.33184,-0.05042,
7,val,047,5.45659,-0.10913,
7,train,048,5.24293,-0.03457,
7,val,048,5.42752,-0.10314,
7,train,049,5.27280,-0.01736,
7,val,049,5.43845,-0.10537,
7,train,050,5.26836,-0.04517,
7,val,050,5.44715,-0.10713,
7,train,051,5.30888,-0.03867,
7,val,051,5.63304,-0.14492,
7,train,052,5.24631,-0.04210,
7,val,052,5.50725,-0.11935,
7,train,053,5.13755,-0.02101,
7,val,053,5.37240,-0.09194,
7,train,054,5.18534,-0.02199,
7,val,054,5.33490,-0.08432,best
7,train,055,5.32627,-0.04945,
7,val,055,5.44380,-0.10643,
7,train,056,5.06969,-0.00652,
7,val,056,5.35590,-0.08857,
7,train,057,5.21138,-0.03305,
7,val,057,5.19853,-0.05660,best
7,train,058,5.32621,-0.06274,
7,val,058,5.26936,-0.07100,
7,train,059,5.29217,-0.03507,
7,val,059,5.37230,-0.09196,
7,train,060,5.13097,-0.01922,
7,val,060,5.48793,-0.11542,
7,train,061,5.24617,-0.05506,
7,val,061,5.71847,-0.16228,
7,train,062,4.99657,0.03432,
7,val,062,5.67218,-0.15287,
7,train,063,5.30664,-0.04732,
7,val,063,5.58505,-0.13516,
7,train,064,5.36402,-0.05470,
7,val,064,5.50148,-0.11818,
7,train,065,4.94634,0.02223,
7,val,065,5.53666,-0.12533,
7,train,066,5.36472,-0.02880,
7,val,066,5.64447,-0.14724,
7,train,067,5.25203,-0.03022,
7,val,067,5.73970,-0.16660,
7,train,068,5.16219,-0.01484,
7,val,068,5.59408,-0.13698,
7,train,069,5.45824,-0.05553,
7,val,069,5.53921,-0.12583,
7,train,070,5.36237,-0.07870,
7,val,070,5.81841,-0.18259,
7,train,071,5.24462,-0.03726,
7,val,071,5.59099,-0.13633,
7,train,072,5.45011,-0.00705,
7,val,072,5.46189,-0.11013,
7,train,073,5.38940,-0.08050,
7,val,073,5.46472,-0.11071,
7,train,074,5.13731,-0.01466,
7,val,074,5.33685,-0.08472,
7,train,075,5.27306,-0.04525,
7,val,075,5.37628,-0.09273,
7,train,076,5.11496,-0.02191,
7,val,076,5.40495,-0.09854,
7,train,077,5.16353,-0.01954,
7,val,077,5.28305,-0.07378,
7,train,078,5.31314,-0.03225,
7,val,078,5.20539,-0.05800,
7,train,079,5.50021,-0.05825,
7,val,079,5.22450,-0.06188,
7,train,080,5.25798,-0.04731,
7,val,080,5.32719,-0.08275,
7,train,081,5.07477,-0.00866,
7,val,081,5.24843,-0.06673,
7,train,082,5.34644,-0.04999,
7,val,082,5.35180,-0.08774,
7,train,083,5.37621,-0.05898,
7,val,083,5.59191,-0.13656,
7,train,084,5.39049,-0.07259,
7,val,084,5.63437,-0.14519,
7,train,085,5.32296,-0.04375,
7,val,085,5.48202,-0.11422,
7,train,086,5.20913,0.01006,
7,val,086,5.30613,-0.07845,
7,train,087,5.11826,-0.01413,
7,val,087,5.28913,-0.07502,
7,train,088,5.29500,-0.03563,
7,val,088,5.39750,-0.09704,
7,train,089,5.47020,-0.07089,
7,val,089,5.47781,-0.11337,
7,train,090,5.08807,0.00141,
7,val,090,5.56114,-0.13030,
7,train,091,5.12994,-0.01924,
7,val,091,5.46277,-0.11031,
7,train,092,5.18648,-0.04572,
7,val,092,5.41454,-0.10051,
7,train,093,5.35112,-0.01960,
7,val,093,5.64281,-0.14690,
7,train,094,5.12785,-0.03343,
7,val,094,5.51137,-0.12019,
7,train,095,5.22791,-0.02380,
7,val,095,5.40706,-0.09899,
7,train,096,5.20179,-0.02767,
7,val,096,5.52711,-0.12339,
7,train,097,5.11867,0.01351,
7,val,097,5.40204,-0.09796,
7,train,098,5.08390,0.00328,
7,val,098,5.33062,-0.08345,
7,train,099,5.12454,0.00951,
7,val,099,5.22990,-0.06298,
7,train,100,5.32144,-0.03873,
7,val,100,5.29137,-0.07547,
8,train,001,1268.42977,-252.55888,
8,val,001,1307.82300,-230.04044,
8,train,002,1168.60249,-239.42619,
8,val,002,1286.68994,-226.31387,
8,train,003,1023.26115,-212.42108,
8,val,003,1234.16345,-217.03096,
8,train,004,862.95752,-171.34102,
8,val,004,1138.56689,-200.13354,
8,train,005,703.78810,-143.21600,
8,val,005,988.21564,-173.57587,
8,train,006,552.18076,-110.51533,
8,val,006,800.82874,-140.47678,
8,train,007,406.72061,-83.44682,
8,val,007,605.83698,-106.02093,
8,train,008,281.76014,-56.45250,
8,val,008,431.47202,-75.22513,
8,train,009,174.77718,-34.82783,
8,val,009,291.30707,-50.46317,
8,train,010,89.90710,-17.26951,
8,val,010,177.87775,-30.42299,
8,train,011,33.38589,-5.90045,
8,val,011,93.33386,-15.48864,
8,train,012,12.98246,-1.52587,
8,val,012,44.95906,-6.94260,best
8,train,013,9.57112,-0.95436,
8,val,013,26.17795,-3.62467,best
8,train,014,8.82395,-0.78085,
8,val,014,21.09475,-2.72655,best
8,train,015,5.99414,-0.23776,
8,val,015,18.84918,-2.33000,best
8,train,016,5.83926,-0.19061,
8,val,016,15.14969,-1.67639,best
8,train,017,5.85074,-0.17020,
8,val,017,10.39025,-0.83560,best
8,train,018,5.47759,-0.07050,
8,val,018,7.65413,-0.35216,best
8,train,019,5.68798,-0.12828,
8,val,019,6.79834,-0.20101,best
8,train,020,5.68743,-0.15004,
8,val,020,6.84939,-0.21003,
8,train,021,5.47842,-0.11038,
8,val,021,7.07049,-0.24904,
8,train,022,5.30786,-0.05371,
8,val,022,7.04712,-0.24497,
8,train,023,5.65807,-0.13213,
8,val,023,6.89697,-0.21838,
8,train,024,5.37807,-0.05093,
8,val,024,6.53957,-0.15530,best
8,train,025,5.09584,-0.02041,
8,val,025,6.15332,-0.08708,best
8,train,026,5.45510,-0.06996,
8,val,026,6.12330,-0.08176,best
8,train,027,5.31063,-0.06236,
8,val,027,6.02703,-0.06475,best
8,train,028,5.33549,-0.05850,
8,val,028,6.07164,-0.07265,
8,train,029,5.23824,-0.02997,
8,val,029,6.08525,-0.07501,
8,train,030,5.49213,-0.07615,
8,val,030,6.07184,-0.07264,
8,train,031,5.47448,-0.09847,
8,val,031,6.27739,-0.10893,
8,train,032,5.19196,-0.08029,
8,val,032,6.29708,-0.11246,
8,train,033,5.09236,-0.00579,
8,val,033,5.96918,-0.05453,best
8,train,034,5.37921,-0.04086,
8,val,034,5.86433,-0.03601,best
8,train,035,5.37242,-0.06349,
8,val,035,5.74999,-0.01583,best
8,train,036,5.31080,-0.06318,
8,val,036,5.76655,-0.01877,
8,train,037,5.40672,-0.08068,
8,val,037,5.59372,0.01180,best
8,train,038,5.26657,-0.06163,
8,val,038,5.47144,0.03340,best
8,train,039,5.41788,-0.04893,
8,val,039,5.50733,0.02710,
8,train,040,4.98833,-0.00044,
8,val,040,5.79524,-0.02382,
8,train,041,5.22538,-0.04854,
8,val,041,6.16734,-0.08954,
8,train,042,5.31733,-0.06793,
8,val,042,6.18999,-0.09357,
8,train,043,5.11952,-0.02680,
8,val,043,6.17024,-0.09002,
8,train,044,5.06387,-0.02813,
8,val,044,6.02412,-0.06424,
8,train,045,5.23027,-0.02986,
8,val,045,5.90913,-0.04392,
8,train,046,5.08798,-0.01289,
8,val,046,5.80508,-0.02554,
8,train,047,5.13025,-0.02105,
8,val,047,5.92907,-0.04740,
8,train,048,5.31899,-0.08386,
8,val,048,5.96749,-0.05419,
8,train,049,5.27210,-0.03002,
8,val,049,5.82242,-0.02856,
8,train,050,4.96377,0.00598,
8,val,050,5.71375,-0.00936,
8,train,051,5.12644,-0.03346,
8,val,051,5.66091,-0.00007,
8,train,052,5.09339,-0.05729,
8,val,052,5.38538,0.04859,best
8,train,053,5.07469,-0.00709,
8,val,053,5.22950,0.07613,best
8,train,054,5.08627,-0.01922,
8,val,054,5.66894,-0.00145,
8,train,055,5.13593,-0.03196,
8,val,055,5.53416,0.02239,
8,train,056,5.25816,-0.06822,
8,val,056,5.70285,-0.00750,
8,train,057,5.24078,-0.01945,
8,val,057,5.87969,-0.03869,
8,train,058,4.97939,-0.00950,
8,val,058,5.77433,-0.02011,
8,train,059,5.05108,0.00773,
8,val,059,5.59306,0.01191,
8,train,060,5.22655,-0.02424,
8,val,060,5.15509,0.08929,best
8,train,061,5.27019,-0.05916,
8,val,061,4.98181,0.11990,best
8,train,062,5.19512,-0.02721,
8,val,062,5.02215,0.11277,
8,train,063,5.01513,-0.01362,
8,val,063,5.14650,0.09085,
8,train,064,5.05527,-0.00912,
8,val,064,5.28204,0.06690,
8,train,065,5.17899,-0.02925,
8,val,065,5.39355,0.04715,
8,train,066,5.06606,0.00217,
8,val,066,5.27926,0.06735,
8,train,067,5.50494,-0.09235,
8,val,067,5.49228,0.02970,
8,train,068,5.10429,-0.03785,
8,val,068,5.82483,-0.02899,
8,train,069,5.23938,-0.03970,
8,val,069,5.92657,-0.04696,
8,train,070,5.27537,-0.05663,
8,val,070,5.97924,-0.05626,
8,train,071,5.20510,-0.03350,
8,val,071,5.89439,-0.04127,
8,train,072,5.25170,-0.05508,
8,val,072,5.70884,-0.00857,
8,train,073,5.32428,-0.05171,
8,val,073,5.66710,-0.00117,
8,train,074,5.16736,-0.03074,
8,val,074,5.67668,-0.00287,
8,train,075,5.29944,-0.04102,
8,val,075,5.48714,0.03063,
8,train,076,5.07450,-0.01504,
8,val,076,5.44139,0.03871,
8,train,077,5.19270,-0.03114,
8,val,077,5.73006,-0.01226,
8,train,078,5.24080,-0.03860,
8,val,078,5.79841,-0.02436,
8,train,079,5.17217,-0.00978,
8,val,079,5.73510,-0.01319,
8,train,080,5.09465,-0.01405,
8,val,080,5.88325,-0.03937,
8,train,081,5.14621,-0.00709,
8,val,081,5.86107,-0.03543,
8,train,082,5.35603,-0.07138,
8,val,082,5.89316,-0.04106,
8,train,083,5.19667,-0.05295,
8,val,083,6.00378,-0.06066,
8,train,084,5.39755,-0.04297,
8,val,084,5.78066,-0.02124,
8,train,085,5.17486,-0.04667,
8,val,085,5.59345,0.01189,
8,train,086,5.17339,-0.02591,
8,val,086,5.76285,-0.01810,
8,train,087,5.18133,-0.02616,
8,val,087,6.02190,-0.06381,
8,train,088,5.12236,-0.05957,
8,val,088,6.13563,-0.08395,
8,train,089,5.23460,-0.03709,
8,val,089,6.18078,-0.09191,
8,train,090,5.33131,-0.06695,
8,val,090,6.09558,-0.07678,
8,train,091,5.18154,-0.00475,
8,val,091,6.09996,-0.07764,
8,train,092,5.24371,-0.02857,
8,val,092,6.15757,-0.08782,
8,train,093,5.12243,-0.00880,
8,val,093,5.94521,-0.05025,
8,train,094,5.24723,-0.04586,
8,val,094,6.22802,-0.10023,
8,train,095,5.09869,-0.03749,
8,val,095,6.48453,-0.14558,
8,train,096,5.12575,-0.02896,
8,val,096,6.34948,-0.12168,
8,train,097,5.20122,-0.04401,
8,val,097,6.25750,-0.10548,
8,train,098,5.05779,-0.03711,
8,val,098,6.32177,-0.11682,
8,train,099,5.15847,-0.01434,
8,val,099,6.20583,-0.09631,
8,train,100,5.05395,-0.01186,
8,val,100,6.17225,-0.09041,
9,train,001,1285.73174,-253.23943,
9,val,001,1286.83728,-343.52188,
9,train,002,1182.14021,-231.78714,
9,val,002,1267.58618,-338.36783,
9,train,003,1033.23872,-200.15582,
9,val,003,1212.92932,-323.74207,
9,train,004,870.55244,-167.83284,
9,val,004,1107.65149,-295.54889,
9,train,005,709.61206,-135.44975,
9,val,005,945.21869,-252.06691,
9,train,006,553.84827,-109.65584,
9,val,006,747.65863,-199.18253,
9,train,007,407.27275,-77.99506,
9,val,007,553.14117,-147.09117,
9,train,008,277.07795,-53.15095,
9,val,008,385.56311,-102.22824,
9,train,009,168.00785,-32.25469,
9,val,009,246.10585,-64.89383,
9,train,010,85.70023,-15.57895,
9,val,010,137.05650,-35.69548,
9,train,011,32.09217,-5.44704,
9,val,011,64.33285,-16.22368,
9,train,012,10.75309,-1.05810,
9,val,012,26.80933,-6.17760,best
9,train,013,9.15791,-0.74139,
9,val,013,15.21175,-3.07261,best
9,train,014,8.17608,-0.55027,
9,val,014,14.00947,-2.75072,best
9,train,015,5.92518,-0.15590,
9,val,015,13.74703,-2.68063,best
9,train,016,6.18403,-0.18205,
9,val,016,10.69672,-1.86381,best
9,train,017,6.22117,-0.21413,
9,val,017,7.12429,-0.90737,best
9,train,018,5.55101,-0.08387,
9,val,018,4.95999,-0.32796,best
9,train,019,5.57605,-0.10078,
9,val,019,4.32318,-0.15746,best
9,train,020,5.57993,-0.05988,
9,val,020,4.17322,-0.11729,best
9,train,021,5.74060,-0.07225,
9,val,021,4.32791,-0.15870,
9,train,022,5.54622,-0.06074,
9,val,022,4.18745,-0.12112,
9,train,023,5.37498,-0.04562,
9,val,023,4.13242,-0.10639,best
9,train,024,5.60842,-0.07015,
9,val,024,3.92047,-0.04964,best
9,train,025,5.61336,-0.05874,
9,val,025,3.73422,0.00022,best
9,train,026,5.79301,-0.12245,
9,val,026,3.59902,0.03642,best
9,train,027,5.50894,-0.04868,
9,val,027,3.56759,0.04486,best
9,train,028,5.57171,-0.05923,
9,val,028,3.64168,0.02509,
9,train,029,5.68905,-0.07414,
9,val,029,3.60688,0.03434,
9,train,030,5.51898,-0.06904,
9,val,030,3.64307,0.02465,
9,train,031,5.48823,-0.03829,
9,val,031,3.65785,0.02067,
9,train,032,5.42708,-0.04477,
9,val,032,3.68877,0.01239,
9,train,033,5.48116,-0.05900,
9,val,033,3.60852,0.03390,
9,train,034,5.57278,-0.14328,
9,val,034,3.56088,0.04663,best
9,train,035,5.46632,-0.05878,
9,val,035,3.65027,0.02272,
9,train,036,5.23477,-0.01075,
9,val,036,3.83073,-0.02562,
9,train,037,5.60449,-0.06688,
9,val,037,3.76978,-0.00927,
9,train,038,5.24058,-0.03629,
9,val,038,3.68521,0.01337,
9,train,039,5.55139,-0.08696,
9,val,039,3.76145,-0.00709,
9,train,040,5.22710,0.00085,
9,val,040,3.85669,-0.03252,
9,train,041,5.47288,-0.03222,
9,val,041,3.88556,-0.04032,
9,train,042,5.33317,-0.02785,
9,val,042,3.90462,-0.04537,
9,train,043,5.27289,-0.03340,
9,val,043,3.85611,-0.03234,
9,train,044,5.34551,-0.03420,
9,val,044,3.90750,-0.04617,
9,train,045,5.24680,-0.01590,
9,val,045,3.94240,-0.05549,
9,train,046,5.48021,-0.05726,
9,val,046,3.96768,-0.06228,
9,train,047,5.41869,-0.03875,
9,val,047,4.00792,-0.07305,
9,train,048,5.33990,-0.02792,
9,val,048,3.97255,-0.06359,
9,train,049,5.25080,-0.05686,
9,val,049,3.95269,-0.05827,
9,train,050,5.40340,-0.06160,
9,val,050,3.93046,-0.05229,
9,train,051,5.48412,-0.04502,
9,val,051,3.84003,-0.02811,
9,train,052,5.42830,-0.03996,
9,val,052,3.96473,-0.06149,
9,train,053,5.49154,-0.08573,
9,val,053,4.00394,-0.07199,
9,train,054,5.32239,-0.02748,
9,val,054,3.96677,-0.06204,
9,train,055,5.57604,-0.04393,
9,val,055,3.81959,-0.02266,
9,train,056,5.42158,-0.05506,
9,val,056,3.88165,-0.03925,
9,train,057,5.38149,-0.05435,
9,val,057,3.94682,-0.05667,
9,train,058,5.37670,-0.03070,
9,val,058,3.90620,-0.04589,
9,train,059,5.34247,-0.02256,
9,val,059,3.70405,0.00832,
9,train,060,5.41594,-0.03051,
9,val,060,3.64279,0.02473,
9,train,061,5.42978,-0.03468,
9,val,061,3.64455,0.02423,
9,train,062,5.29824,-0.02184,
9,val,062,3.60650,0.03442,
9,train,063,5.52914,-0.03737,
9,val,063,3.62723,0.02889,
9,train,064,5.16957,0.01890,
9,val,064,3.63848,0.02588,
9,train,065,5.39215,-0.09381,
9,val,065,3.81682,-0.02187,
9,train,066,5.26742,-0.01245,
9,val,066,3.93646,-0.05392,
9,train,067,5.62943,-0.06397,
9,val,067,3.90020,-0.04421,
9,train,068,5.36549,-0.05498,
9,val,068,3.78254,-0.01274,
9,train,069,5.30057,0.01353,
9,val,069,3.66252,0.01949,
9,train,070,5.34282,-0.00815,
9,val,070,3.72467,0.00285,
9,train,071,5.32411,-0.02655,
9,val,071,3.63163,0.02769,
9,train,072,5.24354,-0.04703,
9,val,072,3.71679,0.00489,
9,train,073,5.38749,-0.01998,
9,val,073,3.74865,-0.00364,
9,train,074,5.11381,0.00758,
9,val,074,3.75365,-0.00498,
9,train,075,5.26663,-0.01529,
9,val,075,3.86437,-0.03462,
9,train,076,5.31446,-0.01283,
9,val,076,3.99775,-0.07033,
9,train,077,5.47582,-0.07133,
9,val,077,4.08547,-0.09382,
9,train,078,5.34028,-0.00728,
9,val,078,3.91348,-0.04777,
9,train,079,5.34145,-0.01640,
9,val,079,4.01286,-0.07435,
9,train,080,5.29155,-0.03767,
9,val,080,4.14234,-0.10912,
9,train,081,5.45128,-0.02702,
9,val,081,4.10154,-0.09802,
9,train,082,5.23960,-0.01483,
9,val,082,4.22670,-0.13160,
9,train,083,5.51309,-0.05296,
9,val,083,4.15324,-0.11194,
9,train,084,5.35785,-0.01817,
9,val,084,4.11778,-0.10244,
9,train,085,5.47057,-0.02909,
9,val,085,3.98593,-0.06717,
9,train,086,5.42876,-0.06964,
9,val,086,4.10188,-0.09821,
9,train,087,5.75259,-0.06457,
9,val,087,4.20311,-0.12529,
9,train,088,5.35597,-0.02502,
9,val,088,4.28092,-0.14612,
9,train,089,5.38018,-0.05147,
9,val,089,4.25121,-0.13817,
9,train,090,5.30579,-0.02570,
9,val,090,4.28638,-0.14764,
9,train,091,5.14851,-0.01102,
9,val,091,4.39999,-0.17805,
9,train,092,5.37003,-0.04674,
9,val,092,4.37330,-0.17085,
9,train,093,5.30965,-0.00467,
9,val,093,4.27805,-0.14535,
9,train,094,5.04963,0.03147,
9,val,094,4.26124,-0.14088,
9,train,095,5.53625,-0.08468,
9,val,095,4.13180,-0.10620,
9,train,096,5.40100,-0.05167,
9,val,096,3.99378,-0.06927,
9,train,097,5.61180,-0.08603,
9,val,097,3.92149,-0.04989,
9,train,098,5.44853,-0.03759,
9,val,098,3.86569,-0.03495,
9,train,099,5.26891,0.00154,
9,val,099,3.93642,-0.05389,
9,train,100,5.32638,-0.04118,
9,val,100,3.91091,-0.04708,
